Index,Type,Description,Notes
1,Int,pp001.tsc version,Must equal 88
2,,,Related to Navigator3dHUD
3,,,Related to Navigator3dHUD
4,,,Related to Navigator3dHUD
5,,,Related to Navigator3dHUD
6,,,Related to Navigator3dHUD
7,,,Related to Navigator3dHUD
8,,,
9,,,
10,,,
11,,,Related to Navigator3dHUD
12,,,Related to Navigator3dHUD
13,,,Related to Navigator3dHUD
14,,,
15,,,
16,,,
17,,,Related to Navigator3dHUD
18,,,Related to Navigator3dHUD
19,,,Related to Navigator3dHUD
20,,,
21,Unused,Unused,Unused
22,,,Related to ViewportHUD
23,,,Related to ViewportHUD
24,Unused,Unused,Unused
25,,,
26,,,
27,,,
28,,,
29,,,
30,,,
31,,,
32-38,Unused,Unused,Unused
39,,,
40,,,
41,,,
42,,,
43,,,
44,Unused,Unused,Unused
45,,,
46,,,
47,,,
48,,,
49,Unused,Unused,Unused
50,,,
51,,,
52,,,
53-59,Unused,Unused,Unused
60,,,
61,,,
62,,,
63,,,
64,,,
65,,,
66,,,
67,,,
68,,,
69,,,
70,,,
71,,,
72,,,
73,,,
74-79,Unused,Unused,Unused
80,,,
81,,,
82,,,
83-89,Unused,Unused,Unused
90,,,
91-100,Unused,Unused,Unused
101,,,
102,,,
103,,,
104,,,
105,,,
106,,,
107,,,
108,,,
109,,,
110,,,
111,,,
112,,,
113,,,
114,,,
115-119,Unused,Unused,Unused
120,,,
121-129,Unused,Unused,Unused
130,,,
131-149,Unused,Unused,Unused
150,,,
151,,,
152-199,Unused,Unused,Unused
200,,,
201,,,
202,,,
203,,,
204,,,
205,,,
206,,,
207,,,
208,,,
209,,,
210,,,
211,,,
212,,,
213,,,
214,,,
215,,,
216,,,
217,,,
218,,,
219,,,
220,,,
221,,,
222,,,
223,,,
224,,,
225,,,
226,,,
227,,,
228,,,
229,,,
230,,,
231,,,
232,,,
233,,,
234,,,
235,,,
236,,,
237,,,
238,,,
239,,,
240-249,Unused,Unused,Unused
250,,,
251,,,
252,,,
253-299,Unused,Unused,Unused
300,,,
301,,,
302,,,
303,,,
304,,,
305,,,
306,,,
307,,,
308,,,
309,,,
310,,,
311,,,
312,,,
313,,,
314,,,
315,,,
316,,,
317,,,
318,,,
319,,,
320,,,
321,,,
322,,,
323,,,
324,,,
325,,,
326,,,
327,,,
328,,,
329,,,
330,,,
331,,,
332,,,
333,,,
334,,,
335,,,
336,,,
337,,,
338,,,
339,,,
340,,,
341,,,
342,,,
343,,,
344,,,
345,,,
346,,,
347,,,
348,,,
349,,,
350,,,
351,,,
352,,,
353,,,
354-359,Unused,Unused,Unused
360,,,
361-369,Unused,Unused,Unused
370,,,
371,,,
372,,,
373-379,Unused,Unused,Unused
380,,,
381-499,Unused,Unused,Unused
500,,,
501,,,
502,,,
503,,,
504,,,
505,,,
506,,,
507,,,
508,,,
509-519,Unused,Unused,Unused
520,,,
521,,,
522,,,
523,,,
524,,,
525,,,
526,,,
527,,,
528,,,
529-539,Unused,Unused,Unused
540,,,
541,,,
542,,,
543,,,
544,,,
545,,,
546,,,
547,,,
548,,,
549-559,Unused,Unused,Unused
560,,,
561,,,
562,,,
563,,,
564,,,
565,,,
566,,,
567,,,
568,,,
569-579,Unused,Unused,Unused
580,,,
581,,,
582,,,
583,,,
584,,,
585,,,
586,,,
587,,,
588,,,
589-599,Unused,Unused,Unused
600,,,
601,,,
602,,,
603,,,
604,,,
605,,,
606,,,
607,,,
608,,,
609-619,Unused,Unused,Unused
620,,,
621,,,
622,,,
623,,,
624,,,
625,,,
626,,,
627,,,
628,,,
629-639,Unused,Unused,Unused
640,,,
641,,,
642,,,
643,,,
644,,,
645,,,
646,,,
647,,,
648,,,
649-659,Unused,Unused,Unused
660,,,
661,,,
662,,,
663,,,
664,,,
665,,,
666,,,
667,,,
668,,,
669-679,Unused,Unused,Unused
680,,,
681,,,
682,,,
683,,,
684,,,
685,,,
686,,,
687,,,
688,,,
689-699,Unused,Unused,Unused
700,,,
701,,,
702,,,
703,,,
704,,,
705,,,
706,,,
707,,,
708,,,
709-719,Unused,Unused,Unused
720,,,
721,,,
722,,,
723,,,
724,,,
725,,,
726,,,
727,,,
728,,,
729-739,Unused,Unused,Unused
740,,,
741,,,
742,,,
743,,,
744,,,
745,,,
746,,,
747,,,
748,,,
749-759,Unused,Unused,Unused
760,,,
761,,,
762,,,
763,,,
764,,,
765,,,
766,,,
767,,,
768,,,
769-779,Unused,Unused,Unused
780,,,
781,,,
782,,,
783,,,
784,,,
785,,,
786,,,
787,,,
788,,,
789-799,Unused,Unused,Unused
800,,,
801,,,
802,,,
803,,,
804,,,
805,,,
806,,,
807,,,
808,,,
809-819,Unused,Unused,Unused
820,,,
821,,,
822,,,
823,,,
824,,,
825,,,
826,,,
827,,,
828,,,
829-839,Unused,Unused,Unused
840,,,
841,,,
842,,,
843,,,
844,,,
845,,,
846,,,
847,,,
848,,,
849-859,Unused,Unused,Unused
860,,,
861,,,
862,,,
863,,,
864,,,
865,,,
866,,,
867,,,
868,,,
869-879,Unused,Unused,Unused
880,,,
881,,,
882,,,
883,,,
884,,,
885,,,
886,,,
887,,,
888,,,
889-899,Unused,Unused,Unused
900,,,
901,,,
902,,,
903,,,
904,,,
905,,,
906,,,
907,,,
908,,,
909-919,Unused,Unused,Unused
920,,,
921,,,
922,,,
923,,,
924,,,
925,,,
926,,,
927,,,
928,,,
929-2000,Unused,Unused,Unused
2001,,,
2002,,,
2003,,,
2004,,,
2005,,,
2006,,,
2007,,,
2008,,,
2009,,,
2010,,,
2011,,,
2012-2019,Unused,Unused,Unused
2020,,,
2021,,,
2022,,,
2023,,,
2024,,,
2025,,,
2026,,,
2027,,,
2028,,,
2029,,,
2030,,,
2031,,,
2032,,,
2033,,,
2034,,,
2035-2049,Unused,Unused,Unused
2050,,,
2051,,,
2052,,,
2053,,,
2054,,,
2055,,,
2056,,,
2057,,,
2058,,,
2059,,,
2060,,,
2061,,,
2062,,,
2063,,,
2064,,,
2065-2079,Unused,Unused,Unused
2080,,,
2081,,,
2082,,,
2083,,,
2084,,,
2085,,,
2086,,,
2087,,,
2088,,,
2089,,,
2090,,,
2091,,,
2092,,,
2093,,,
2094,,,
2095-2149,Unused,Unused,Unused
2150,,,
2151,,,
2152,,,
2153,,,
2154,,,
2155,,,
2156,,,
2157-2199,Unused,Unused,Unused
2200,,,
2201,,,
2202,,,
2203,,,
2204-2209,Unused,Unused,Unused
2210,,,
2211,,,
2212,,,
2213,,,
2214,,,
2215,,,
2216-2219,Unused,Unused,Unused
2220,,,
2221,,,
2222,,,
2223,,,
2224,,,
2225,,,
2226-2999,Unused,Unused,Unused
3000,,,
3001,,,
3002,,,
3003,,,
3004,,,
3005,,,
3006,,,
3007,,,
3008,,,
3009,,,
3010,,,
3011,,,
3012,,,
3013,,,
3014,,,
3015,,,
3016,,,
3017,,,
3018,,,
3019,,,
3020,,,
3021,,,
3022,,,
3023,,,
3024,,,
3025,,,
3026,,,
3027,,,
3028,,,
3029,,,
3030,,,
3031,,,
3032,,,
3033,,,
3034,,,
3035,,,
3036,,,
3037,,,
3038,,,
3039,,,
3040,,,
3041,,,
3042,,,
3043,,,
3044,,,
3045-3049,Unused,Unused,Unused
3050,,,
3051,,,
3052,,,
3053,,,
3054,,,
3055,,,
3056,,,
3057,,,
3058,,,
3059,,,
3060-3069,Unused,Unused,Unused
3070,,,
3071,,,
3072,,,
3073,,,
3074,,,
3075,,,
3076-3079,Unused,Unused,Unused
3080,,,
3081,,,
3082-3099,Unused,Unused,Unused
3100,,,
3101,,,
3102,,,
3103,,,
3104,,,
3105,,,
3106,,,
3107,,,
3108,,,
3109,,,
3110,,,
3111,,,
3112,,,
3113,,,
3114-3119,Unused,Unused,Unused
3120,,,
3121,,,
3122,,,
3123,,,
3124,,,
3125-3129,Unused,Unused,Unused
3130,,,
3131,,,
3132,,,
3133-3149,Unused,Unused,Unused
3150,,,
3151,,,
3152,,,
3153,,,
3154,,,
3155,,,
3156,,,
3157,,,
3158,,,
3159,,,
3160,,,
3161,,,
3162,,,
3163-3169,Unused,Unused,Unused
3170,,,
3171,,,
3172,,,
3173,,,
3174,,,
3175,,,
3176-3179,Unused,Unused,Unused
3180,,,
3181,,,
3182,,,
3183,,,
3184,,,
3185,,,
3186-3190,Unused,Unused,Unused
3191,,,
3192,,,
3193,,,
3194,,,
3195,,,
3196,,,
3197,,,
3198,,,
3199,,,
3200,,,
3201,,,
3202,,,
3203,,,
3204,,,
3205,,,
3206-3209,Unused,Unused,Unused
3210,,,
3211,,,
3212,,,
3213,,,
3214,,,
3215-3219,Unused,Unused,Unused
3220,,,
3221,,,
3222,,,
3223,,,
3224,,,
3225,,,
3226,,,
3227,,,
3228,,,
3229-3239,Unused,Unused,Unused
3240,,,
3241,,,
3242,,,
3243,,,
3244,,,
3245,,,
3246,,,
3247,,,
3248,,,
3249,,,
3250,,,
3251,,,
3252-3999,Unused,Unused,Unused
4000,String,STATIC Road Type Property Name,"Equals ""STATIC"""
4001,Float,SP_TARMAC STATIC Road Type Property Value,
4002,Float,SP_FLATDIRTROAD STATIC Road Type Property Value,
4003,Float,SP_ROUGHDIRTROAD STATIC Road Type Property Value,
4004,Float,SP_FLATEARTH STATIC Road Type Property Value,
4005,Float,SP_ROUGHEARTH STATIC Road Type Property Value,
4006,Float,SP_FLATROCK STATIC Road Type Property Value,
4007,Float,SP_ROUGHROCK STATIC Road Type Property Value,
4008,Float,SP_SMALLSTONES STATIC Road Type Property Value,
4009,Float,SP_BIGSTONES STATIC Road Type Property Value,
4010,Float,SP_FLATSAND STATIC Road Type Property Value,
4011,Float,SP_ROUGHSAND STATIC Road Type Property Value,
4012,Float,SP_FLATGRASS STATIC Road Type Property Value,
4013,Float,SP_ROUGHGRASS STATIC Road Type Property Value,
4014,Float,SP_FLATICE STATIC Road Type Property Value,
4015,Float,SP_ROUGHICE STATIC Road Type Property Value,
4016,Float,SP_FLATHARDSNOW STATIC Road Type Property Value,
4017,Float,SP_ROUGHHARDSNOW STATIC Road Type Property Value,
4018,Float,SP_SOFTSNOW STATIC Road Type Property Value,
4019,String,KINETIC Road Type Property Name,"Equals ""KINETIC"""
4020,Float,SP_TARMAC KINETIC Road Type Property Value,
4021,Float,SP_FLATDIRTROAD KINETIC Road Type Property Value,
4022,Float,SP_ROUGHDIRTROAD KINETIC Road Type Property Value,
4023,Float,SP_FLATEARTH KINETIC Road Type Property Value,
4024,Float,SP_ROUGHEARTH KINETIC Road Type Property Value,
4025,Float,SP_FLATROCK KINETIC Road Type Property Value,
4026,Float,SP_ROUGHROCK KINETIC Road Type Property Value,
4027,Float,SP_SMALLSTONES KINETIC Road Type Property Value,
4028,Float,SP_BIGSTONES KINETIC Road Type Property Value,
4029,Float,SP_FLATSAND KINETIC Road Type Property Value,
4030,Float,SP_ROUGHSAND KINETIC Road Type Property Value,
4031,Float,SP_FLATGRASS KINETIC Road Type Property Value,
4032,Float,SP_ROUGHGRASS KINETIC Road Type Property Value,
4033,Float,SP_FLATICE KINETIC Road Type Property Value,
4034,Float,SP_ROUGHICE KINETIC Road Type Property Value,
4035,Float,SP_FLATHARDSNOW KINETIC Road Type Property Value,
4036,Float,SP_ROUGHHARDSNOW KINETIC Road Type Property Value,
4037,Float,SP_SOFTSNOW KINETIC Road Type Property Value,
4038,String,DYNAMIC Road Type Property Name,"Equals ""DYNAMIC"""
4039,Float,SP_TARMAC DYNAMIC Road Type Property Value,
4040,Float,SP_FLATDIRTROAD DYNAMIC Road Type Property Value,
4041,Float,SP_ROUGHDIRTROAD DYNAMIC Road Type Property Value,
4042,Float,SP_FLATEARTH DYNAMIC Road Type Property Value,
4043,Float,SP_ROUGHEARTH DYNAMIC Road Type Property Value,
4044,Float,SP_FLATROCK DYNAMIC Road Type Property Value,
4045,Float,SP_ROUGHROCK DYNAMIC Road Type Property Value,
4046,Float,SP_SMALLSTONES DYNAMIC Road Type Property Value,
4047,Float,SP_BIGSTONES DYNAMIC Road Type Property Value,
4048,Float,SP_FLATSAND DYNAMIC Road Type Property Value,
4049,Float,SP_ROUGHSAND DYNAMIC Road Type Property Value,
4050,Float,SP_FLATGRASS DYNAMIC Road Type Property Value,
4051,Float,SP_ROUGHGRASS DYNAMIC Road Type Property Value,
4052,Float,SP_FLATICE DYNAMIC Road Type Property Value,
4053,Float,SP_ROUGHICE DYNAMIC Road Type Property Value,
4054,Float,SP_FLATHARDSNOW DYNAMIC Road Type Property Value,
4055,Float,SP_ROUGHHARDSNOW DYNAMIC Road Type Property Value,
4056,Float,SP_SOFTSNOW DYNAMIC Road Type Property Value,
4057,String,ROLLING Road Type Property Name,"Equals ""ROLLING"""
4058,Float,SP_TARMAC ROLLING Road Type Property Value,
4059,Float,SP_FLATDIRTROAD ROLLING Road Type Property Value,
4060,Float,SP_ROUGHDIRTROAD ROLLING Road Type Property Value,
4061,Float,SP_FLATEARTH ROLLING Road Type Property Value,
4062,Float,SP_ROUGHEARTH ROLLING Road Type Property Value,
4063,Float,SP_FLATROCK ROLLING Road Type Property Value,
4064,Float,SP_ROUGHROCK ROLLING Road Type Property Value,
4065,Float,SP_SMALLSTONES ROLLING Road Type Property Value,
4066,Float,SP_BIGSTONES ROLLING Road Type Property Value,
4067,Float,SP_FLATSAND ROLLING Road Type Property Value,
4068,Float,SP_ROUGHSAND ROLLING Road Type Property Value,
4069,Float,SP_FLATGRASS ROLLING Road Type Property Value,
4070,Float,SP_ROUGHGRASS ROLLING Road Type Property Value,
4071,Float,SP_FLATICE ROLLING Road Type Property Value,
4072,Float,SP_ROUGHICE ROLLING Road Type Property Value,
4073,Float,SP_FLATHARDSNOW ROLLING Road Type Property Value,
4074,Float,SP_ROUGHHARDSNOW ROLLING Road Type Property Value,
4075,Float,SP_SOFTSNOW ROLLING Road Type Property Value,
4076,String,SOFTNESS Road Type Property Name,"Equals ""SOFTNESS"""
4077,Float,SP_TARMAC SOFTNESS Road Type Property Value,
4078,Float,SP_FLATDIRTROAD SOFTNESS Road Type Property Value,
4079,Float,SP_ROUGHDIRTROAD SOFTNESS Road Type Property Value,
4080,Float,SP_FLATEARTH SOFTNESS Road Type Property Value,
4081,Float,SP_ROUGHEARTH SOFTNESS Road Type Property Value,
4082,Float,SP_FLATROCK SOFTNESS Road Type Property Value,
4083,Float,SP_ROUGHROCK SOFTNESS Road Type Property Value,
4084,Float,SP_SMALLSTONES SOFTNESS Road Type Property Value,
4085,Float,SP_BIGSTONES SOFTNESS Road Type Property Value,
4086,Float,SP_FLATSAND SOFTNESS Road Type Property Value,
4087,Float,SP_ROUGHSAND SOFTNESS Road Type Property Value,
4088,Float,SP_FLATGRASS SOFTNESS Road Type Property Value,
4089,Float,SP_ROUGHGRASS SOFTNESS Road Type Property Value,
4090,Float,SP_FLATICE SOFTNESS Road Type Property Value,
4091,Float,SP_ROUGHICE SOFTNESS Road Type Property Value,
4092,Float,SP_FLATHARDSNOW SOFTNESS Road Type Property Value,
4093,Float,SP_ROUGHHARDSNOW SOFTNESS Road Type Property Value,
4094,Float,SP_SOFTSNOW SOFTNESS Road Type Property Value,
4095,String,SIDE SLOW Road Type Property Name,"Equals ""SIDE SLOW"""
4096,Float,SP_TARMAC SIDE SLOW Road Type Property Value,
4097,Float,SP_FLATDIRTROAD SIDE SLOW Road Type Property Value,
4098,Float,SP_ROUGHDIRTROAD SIDE SLOW Road Type Property Value,
4099,Float,SP_FLATEARTH SIDE SLOW Road Type Property Value,
4100,Float,SP_ROUGHEARTH SIDE SLOW Road Type Property Value,
4101,Float,SP_FLATROCK SIDE SLOW Road Type Property Value,
4102,Float,SP_ROUGHROCK SIDE SLOW Road Type Property Value,
4103,Float,SP_SMALLSTONES SIDE SLOW Road Type Property Value,
4104,Float,SP_BIGSTONES SIDE SLOW Road Type Property Value,
4105,Float,SP_FLATSAND SIDE SLOW Road Type Property Value,
4106,Float,SP_ROUGHSAND SIDE SLOW Road Type Property Value,
4107,Float,SP_FLATGRASS SIDE SLOW Road Type Property Value,
4108,Float,SP_ROUGHGRASS SIDE SLOW Road Type Property Value,
4109,Float,SP_FLATICE SIDE SLOW Road Type Property Value,
4110,Float,SP_ROUGHICE SIDE SLOW Road Type Property Value,
4111,Float,SP_FLATHARDSNOW SIDE SLOW Road Type Property Value,
4112,Float,SP_ROUGHHARDSNOW SIDE SLOW Road Type Property Value,
4113,Float,SP_SOFTSNOW SIDE SLOW Road Type Property Value,
4114,String,STATIC WET Road Type Property Name,"Equals ""STATIC WET"""
4115,Float,SP_TARMAC STATIC WET Road Type Property Value,
4116,Float,SP_FLATDIRTROAD STATIC WET Road Type Property Value,
4117,Float,SP_ROUGHDIRTROAD STATIC WET Road Type Property Value,
4118,Float,SP_FLATEARTH STATIC WET Road Type Property Value,
4119,Float,SP_ROUGHEARTH STATIC WET Road Type Property Value,
4120,Float,SP_FLATROCK STATIC WET Road Type Property Value,
4121,Float,SP_ROUGHROCK STATIC WET Road Type Property Value,
4122,Float,SP_SMALLSTONES STATIC WET Road Type Property Value,
4123,Float,SP_BIGSTONES STATIC WET Road Type Property Value,
4124,Float,SP_FLATSAND STATIC WET Road Type Property Value,
4125,Float,SP_ROUGHSAND STATIC WET Road Type Property Value,
4126,Float,SP_FLATGRASS STATIC WET Road Type Property Value,
4127,Float,SP_ROUGHGRASS STATIC WET Road Type Property Value,
4128,Float,SP_FLATICE STATIC WET Road Type Property Value,
4129,Float,SP_ROUGHICE STATIC WET Road Type Property Value,
4130,Float,SP_FLATHARDSNOW STATIC WET Road Type Property Value,
4131,Float,SP_ROUGHHARDSNOW STATIC WET Road Type Property Value,
4132,Float,SP_SOFTSNOW STATIC WET Road Type Property Value,
4133,String,KINETIC WET Road Type Property Name,"Equals ""KINETIC WET"""
4134,Float,SP_TARMAC KINETIC WET Road Type Property Value,
4135,Float,SP_FLATDIRTROAD KINETIC WET Road Type Property Value,
4136,Float,SP_ROUGHDIRTROAD KINETIC WET Road Type Property Value,
4137,Float,SP_FLATEARTH KINETIC WET Road Type Property Value,
4138,Float,SP_ROUGHEARTH KINETIC WET Road Type Property Value,
4139,Float,SP_FLATROCK KINETIC WET Road Type Property Value,
4140,Float,SP_ROUGHROCK KINETIC WET Road Type Property Value,
4141,Float,SP_SMALLSTONES KINETIC WET Road Type Property Value,
4142,Float,SP_BIGSTONES KINETIC WET Road Type Property Value,
4143,Float,SP_FLATSAND KINETIC WET Road Type Property Value,
4144,Float,SP_ROUGHSAND KINETIC WET Road Type Property Value,
4145,Float,SP_FLATGRASS KINETIC WET Road Type Property Value,
4146,Float,SP_ROUGHGRASS KINETIC WET Road Type Property Value,
4147,Float,SP_FLATICE KINETIC WET Road Type Property Value,
4148,Float,SP_ROUGHICE KINETIC WET Road Type Property Value,
4149,Float,SP_FLATHARDSNOW KINETIC WET Road Type Property Value,
4150,Float,SP_ROUGHHARDSNOW KINETIC WET Road Type Property Value,
4151,Float,SP_SOFTSNOW KINETIC WET Road Type Property Value,
4152,String,DYNAMIC WET Road Type Property Name,"Equals ""DYNAMIC WET"""
4153,Float,SP_TARMAC DYNAMIC WET Road Type Property Value,
4154,Float,SP_FLATDIRTROAD DYNAMIC WET Road Type Property Value,
4155,Float,SP_ROUGHDIRTROAD DYNAMIC WET Road Type Property Value,
4156,Float,SP_FLATEARTH DYNAMIC WET Road Type Property Value,
4157,Float,SP_ROUGHEARTH DYNAMIC WET Road Type Property Value,
4158,Float,SP_FLATROCK DYNAMIC WET Road Type Property Value,
4159,Float,SP_ROUGHROCK DYNAMIC WET Road Type Property Value,
4160,Float,SP_SMALLSTONES DYNAMIC WET Road Type Property Value,
4161,Float,SP_BIGSTONES DYNAMIC WET Road Type Property Value,
4162,Float,SP_FLATSAND DYNAMIC WET Road Type Property Value,
4163,Float,SP_ROUGHSAND DYNAMIC WET Road Type Property Value,
4164,Float,SP_FLATGRASS DYNAMIC WET Road Type Property Value,
4165,Float,SP_ROUGHGRASS DYNAMIC WET Road Type Property Value,
4166,Float,SP_FLATICE DYNAMIC WET Road Type Property Value,
4167,Float,SP_ROUGHICE DYNAMIC WET Road Type Property Value,
4168,Float,SP_FLATHARDSNOW DYNAMIC WET Road Type Property Value,
4169,Float,SP_ROUGHHARDSNOW DYNAMIC WET Road Type Property Value,
4170,Float,SP_SOFTSNOW DYNAMIC WET Road Type Property Value,
4171,String,ROLLING WET Road Type Property Name,"Equals ""ROLLING WET"""
4172,Float,SP_TARMAC ROLLING WET Road Type Property Value,
4173,Float,SP_FLATDIRTROAD ROLLING WET Road Type Property Value,
4174,Float,SP_ROUGHDIRTROAD ROLLING WET Road Type Property Value,
4175,Float,SP_FLATEARTH ROLLING WET Road Type Property Value,
4176,Float,SP_ROUGHEARTH ROLLING WET Road Type Property Value,
4177,Float,SP_FLATROCK ROLLING WET Road Type Property Value,
4178,Float,SP_ROUGHROCK ROLLING WET Road Type Property Value,
4179,Float,SP_SMALLSTONES ROLLING WET Road Type Property Value,
4180,Float,SP_BIGSTONES ROLLING WET Road Type Property Value,
4181,Float,SP_FLATSAND ROLLING WET Road Type Property Value,
4182,Float,SP_ROUGHSAND ROLLING WET Road Type Property Value,
4183,Float,SP_FLATGRASS ROLLING WET Road Type Property Value,
4184,Float,SP_ROUGHGRASS ROLLING WET Road Type Property Value,
4185,Float,SP_FLATICE ROLLING WET Road Type Property Value,
4186,Float,SP_ROUGHICE ROLLING WET Road Type Property Value,
4187,Float,SP_FLATHARDSNOW ROLLING WET Road Type Property Value,
4188,Float,SP_ROUGHHARDSNOW ROLLING WET Road Type Property Value,
4189,Float,SP_SOFTSNOW ROLLING WET Road Type Property Value,
4190,String,SOFTNESS WET Road Type Property Name,"Equals ""SOFTNESS WET"""
4191,Float,SP_TARMAC SOFTNESS WET Road Type Property Value,
4192,Float,SP_FLATDIRTROAD SOFTNESS WET Road Type Property Value,
4193,Float,SP_ROUGHDIRTROAD SOFTNESS WET Road Type Property Value,
4194,Float,SP_FLATEARTH SOFTNESS WET Road Type Property Value,
4195,Float,SP_ROUGHEARTH SOFTNESS WET Road Type Property Value,
4196,Float,SP_FLATROCK SOFTNESS WET Road Type Property Value,
4197,Float,SP_ROUGHROCK SOFTNESS WET Road Type Property Value,
4198,Float,SP_SMALLSTONES SOFTNESS WET Road Type Property Value,
4199,Float,SP_BIGSTONES SOFTNESS WET Road Type Property Value,
4200,Float,SP_FLATSAND SOFTNESS WET Road Type Property Value,
4201,Float,SP_ROUGHSAND SOFTNESS WET Road Type Property Value,
4202,Float,SP_FLATGRASS SOFTNESS WET Road Type Property Value,
4203,Float,SP_ROUGHGRASS SOFTNESS WET Road Type Property Value,
4204,Float,SP_FLATICE SOFTNESS WET Road Type Property Value,
4205,Float,SP_ROUGHICE SOFTNESS WET Road Type Property Value,
4206,Float,SP_FLATHARDSNOW SOFTNESS WET Road Type Property Value,
4207,Float,SP_ROUGHHARDSNOW SOFTNESS WET Road Type Property Value,
4208,Float,SP_SOFTSNOW SOFTNESS WET Road Type Property Value,
4209,String,SIDE SLOW WET Road Type Property Name,"Equals ""SIDE SLOW WET"""
4210,Float,SP_TARMAC SIDE SLOW WET Road Type Property Value,
4211,Float,SP_FLATDIRTROAD SIDE SLOW WET Road Type Property Value,
4212,Float,SP_ROUGHDIRTROAD SIDE SLOW WET Road Type Property Value,
4213,Float,SP_FLATEARTH SIDE SLOW WET Road Type Property Value,
4214,Float,SP_ROUGHEARTH SIDE SLOW WET Road Type Property Value,
4215,Float,SP_FLATROCK SIDE SLOW WET Road Type Property Value,
4216,Float,SP_ROUGHROCK SIDE SLOW WET Road Type Property Value,
4217,Float,SP_SMALLSTONES SIDE SLOW WET Road Type Property Value,
4218,Float,SP_BIGSTONES SIDE SLOW WET Road Type Property Value,
4219,Float,SP_FLATSAND SIDE SLOW WET Road Type Property Value,
4220,Float,SP_ROUGHSAND SIDE SLOW WET Road Type Property Value,
4221,Float,SP_FLATGRASS SIDE SLOW WET Road Type Property Value,
4222,Float,SP_ROUGHGRASS SIDE SLOW WET Road Type Property Value,
4223,Float,SP_FLATICE SIDE SLOW WET Road Type Property Value,
4224,Float,SP_ROUGHICE SIDE SLOW WET Road Type Property Value,
4225,Float,SP_FLATHARDSNOW SIDE SLOW WET Road Type Property Value,
4226,Float,SP_ROUGHHARDSNOW SIDE SLOW WET Road Type Property Value,
4227,Float,SP_SOFTSNOW SIDE SLOW WET Road Type Property Value,
4228,String,BUMPS ROT Road Type Property Name,"Equals ""BUMPS ROT"""
4229,Float,SP_TARMAC BUMPS ROT Road Type Property Value,
4230,Float,SP_FLATDIRTROAD BUMPS ROT Road Type Property Value,
4231,Float,SP_ROUGHDIRTROAD BUMPS ROT Road Type Property Value,
4232,Float,SP_FLATEARTH BUMPS ROT Road Type Property Value,
4233,Float,SP_ROUGHEARTH BUMPS ROT Road Type Property Value,
4234,Float,SP_FLATROCK BUMPS ROT Road Type Property Value,
4235,Float,SP_ROUGHROCK BUMPS ROT Road Type Property Value,
4236,Float,SP_SMALLSTONES BUMPS ROT Road Type Property Value,
4237,Float,SP_BIGSTONES BUMPS ROT Road Type Property Value,
4238,Float,SP_FLATSAND BUMPS ROT Road Type Property Value,
4239,Float,SP_ROUGHSAND BUMPS ROT Road Type Property Value,
4240,Float,SP_FLATGRASS BUMPS ROT Road Type Property Value,
4241,Float,SP_ROUGHGRASS BUMPS ROT Road Type Property Value,
4242,Float,SP_FLATICE BUMPS ROT Road Type Property Value,
4243,Float,SP_ROUGHICE BUMPS ROT Road Type Property Value,
4244,Float,SP_FLATHARDSNOW BUMPS ROT Road Type Property Value,
4245,Float,SP_ROUGHHARDSNOW BUMPS ROT Road Type Property Value,
4246,Float,SP_SOFTSNOW BUMPS ROT Road Type Property Value,
4247,String,BUMPS WHEEL Road Type Property Name,"Equals ""BUMPS WHEEL"""
4248,Float,SP_TARMAC BUMPS WHEEL Road Type Property Value,
4249,Float,SP_FLATDIRTROAD BUMPS WHEEL Road Type Property Value,
4250,Float,SP_ROUGHDIRTROAD BUMPS WHEEL Road Type Property Value,
4251,Float,SP_FLATEARTH BUMPS WHEEL Road Type Property Value,
4252,Float,SP_ROUGHEARTH BUMPS WHEEL Road Type Property Value,
4253,Float,SP_FLATROCK BUMPS WHEEL Road Type Property Value,
4254,Float,SP_ROUGHROCK BUMPS WHEEL Road Type Property Value,
4255,Float,SP_SMALLSTONES BUMPS WHEEL Road Type Property Value,
4256,Float,SP_BIGSTONES BUMPS WHEEL Road Type Property Value,
4257,Float,SP_FLATSAND BUMPS WHEEL Road Type Property Value,
4258,Float,SP_ROUGHSAND BUMPS WHEEL Road Type Property Value,
4259,Float,SP_FLATGRASS BUMPS WHEEL Road Type Property Value,
4260,Float,SP_ROUGHGRASS BUMPS WHEEL Road Type Property Value,
4261,Float,SP_FLATICE BUMPS WHEEL Road Type Property Value,
4262,Float,SP_ROUGHICE BUMPS WHEEL Road Type Property Value,
4263,Float,SP_FLATHARDSNOW BUMPS WHEEL Road Type Property Value,
4264,Float,SP_ROUGHHARDSNOW BUMPS WHEEL Road Type Property Value,
4265,Float,SP_SOFTSNOW BUMPS WHEEL Road Type Property Value,
4266,String,DEPTH Road Type Property Name,"Equals ""DEPTH"""
4267,Float,SP_TARMAC DEPTH Road Type Property Value,
4268,Float,SP_FLATDIRTROAD DEPTH Road Type Property Value,
4269,Float,SP_ROUGHDIRTROAD DEPTH Road Type Property Value,
4270,Float,SP_FLATEARTH DEPTH Road Type Property Value,
4271,Float,SP_ROUGHEARTH DEPTH Road Type Property Value,
4272,Float,SP_FLATROCK DEPTH Road Type Property Value,
4273,Float,SP_ROUGHROCK DEPTH Road Type Property Value,
4274,Float,SP_SMALLSTONES DEPTH Road Type Property Value,
4275,Float,SP_BIGSTONES DEPTH Road Type Property Value,
4276,Float,SP_FLATSAND DEPTH Road Type Property Value,
4277,Float,SP_ROUGHSAND DEPTH Road Type Property Value,
4278,Float,SP_FLATGRASS DEPTH Road Type Property Value,
4279,Float,SP_ROUGHGRASS DEPTH Road Type Property Value,
4280,Float,SP_FLATICE DEPTH Road Type Property Value,
4281,Float,SP_ROUGHICE DEPTH Road Type Property Value,
4282,Float,SP_FLATHARDSNOW DEPTH Road Type Property Value,
4283,Float,SP_ROUGHHARDSNOW DEPTH Road Type Property Value,
4284,Float,SP_SOFTSNOW DEPTH Road Type Property Value,
4285,String,BOOST BONUS Road Type Property Name,"Equals ""BOOST BONUS"""
4286,Float,SP_TARMAC BOOST BONUS Road Type Property Value,
4287,Float,SP_FLATDIRTROAD BOOST BONUS Road Type Property Value,
4288,Float,SP_ROUGHDIRTROAD BOOST BONUS Road Type Property Value,
4289,Float,SP_FLATEARTH BOOST BONUS Road Type Property Value,
4290,Float,SP_ROUGHEARTH BOOST BONUS Road Type Property Value,
4291,Float,SP_FLATROCK BOOST BONUS Road Type Property Value,
4292,Float,SP_ROUGHROCK BOOST BONUS Road Type Property Value,
4293,Float,SP_SMALLSTONES BOOST BONUS Road Type Property Value,
4294,Float,SP_BIGSTONES BOOST BONUS Road Type Property Value,
4295,Float,SP_FLATSAND BOOST BONUS Road Type Property Value,
4296,Float,SP_ROUGHSAND BOOST BONUS Road Type Property Value,
4297,Float,SP_FLATGRASS BOOST BONUS Road Type Property Value,
4298,Float,SP_ROUGHGRASS BOOST BONUS Road Type Property Value,
4299,Float,SP_FLATICE BOOST BONUS Road Type Property Value,
4300,Float,SP_ROUGHICE BOOST BONUS Road Type Property Value,
4301,Float,SP_FLATHARDSNOW BOOST BONUS Road Type Property Value,
4302,Float,SP_ROUGHHARDSNOW BOOST BONUS Road Type Property Value,
4303,Float,SP_SOFTSNOW BOOST BONUS Road Type Property Value,
4304,String,TREMBLE ROLL Road Type Property Name,"Equals ""TREMBLE ROLL"""
4305,Float,SP_TARMAC TREMBLE ROLL Road Type Property Value,
4306,Float,SP_FLATDIRTROAD TREMBLE ROLL Road Type Property Value,
4307,Float,SP_ROUGHDIRTROAD TREMBLE ROLL Road Type Property Value,
4308,Float,SP_FLATEARTH TREMBLE ROLL Road Type Property Value,
4309,Float,SP_ROUGHEARTH TREMBLE ROLL Road Type Property Value,
4310,Float,SP_FLATROCK TREMBLE ROLL Road Type Property Value,
4311,Float,SP_ROUGHROCK TREMBLE ROLL Road Type Property Value,
4312,Float,SP_SMALLSTONES TREMBLE ROLL Road Type Property Value,
4313,Float,SP_BIGSTONES TREMBLE ROLL Road Type Property Value,
4314,Float,SP_FLATSAND TREMBLE ROLL Road Type Property Value,
4315,Float,SP_ROUGHSAND TREMBLE ROLL Road Type Property Value,
4316,Float,SP_FLATGRASS TREMBLE ROLL Road Type Property Value,
4317,Float,SP_ROUGHGRASS TREMBLE ROLL Road Type Property Value,
4318,Float,SP_FLATICE TREMBLE ROLL Road Type Property Value,
4319,Float,SP_ROUGHICE TREMBLE ROLL Road Type Property Value,
4320,Float,SP_FLATHARDSNOW TREMBLE ROLL Road Type Property Value,
4321,Float,SP_ROUGHHARDSNOW TREMBLE ROLL Road Type Property Value,
4322,Float,SP_SOFTSNOW TREMBLE ROLL Road Type Property Value,
4323,String,TREMBLE PITCH Road Type Property Name,"Equals ""TREMBLE PITCH"""
4324,Float,SP_TARMAC TREMBLE PITCH Road Type Property Value,
4325,Float,SP_FLATDIRTROAD TREMBLE PITCH Road Type Property Value,
4326,Float,SP_ROUGHDIRTROAD TREMBLE PITCH Road Type Property Value,
4327,Float,SP_FLATEARTH TREMBLE PITCH Road Type Property Value,
4328,Float,SP_ROUGHEARTH TREMBLE PITCH Road Type Property Value,
4329,Float,SP_FLATROCK TREMBLE PITCH Road Type Property Value,
4330,Float,SP_ROUGHROCK TREMBLE PITCH Road Type Property Value,
4331,Float,SP_SMALLSTONES TREMBLE PITCH Road Type Property Value,
4332,Float,SP_BIGSTONES TREMBLE PITCH Road Type Property Value,
4333,Float,SP_FLATSAND TREMBLE PITCH Road Type Property Value,
4334,Float,SP_ROUGHSAND TREMBLE PITCH Road Type Property Value,
4335,Float,SP_FLATGRASS TREMBLE PITCH Road Type Property Value,
4336,Float,SP_ROUGHGRASS TREMBLE PITCH Road Type Property Value,
4337,Float,SP_FLATICE TREMBLE PITCH Road Type Property Value,
4338,Float,SP_ROUGHICE TREMBLE PITCH Road Type Property Value,
4339,Float,SP_FLATHARDSNOW TREMBLE PITCH Road Type Property Value,
4340,Float,SP_ROUGHHARDSNOW TREMBLE PITCH Road Type Property Value,
4341,Float,SP_SOFTSNOW TREMBLE PITCH Road Type Property Value,
4342,String,DIRTY DRY Road Type Property Name,"Equals ""DIRTY DRY"""
4343,Float,SP_TARMAC DIRTY DRY Road Type Property Value,
4344,Float,SP_FLATDIRTROAD DIRTY DRY Road Type Property Value,
4345,Float,SP_ROUGHDIRTROAD DIRTY DRY Road Type Property Value,
4346,Float,SP_FLATEARTH DIRTY DRY Road Type Property Value,
4347,Float,SP_ROUGHEARTH DIRTY DRY Road Type Property Value,
4348,Float,SP_FLATROCK DIRTY DRY Road Type Property Value,
4349,Float,SP_ROUGHROCK DIRTY DRY Road Type Property Value,
4350,Float,SP_SMALLSTONES DIRTY DRY Road Type Property Value,
4351,Float,SP_BIGSTONES DIRTY DRY Road Type Property Value,
4352,Float,SP_FLATSAND DIRTY DRY Road Type Property Value,
4353,Float,SP_ROUGHSAND DIRTY DRY Road Type Property Value,
4354,Float,SP_FLATGRASS DIRTY DRY Road Type Property Value,
4355,Float,SP_ROUGHGRASS DIRTY DRY Road Type Property Value,
4356,Float,SP_FLATICE DIRTY DRY Road Type Property Value,
4357,Float,SP_ROUGHICE DIRTY DRY Road Type Property Value,
4358,Float,SP_FLATHARDSNOW DIRTY DRY Road Type Property Value,
4359,Float,SP_ROUGHHARDSNOW DIRTY DRY Road Type Property Value,
4360,Float,SP_SOFTSNOW DIRTY DRY Road Type Property Value,
4361,String,DIRTY WET Road Type Property Name,"Equals ""DIRTY WET"""
4362,Float,SP_TARMAC DIRTY WET Road Type Property Value,
4363,Float,SP_FLATDIRTROAD DIRTY WET Road Type Property Value,
4364,Float,SP_ROUGHDIRTROAD DIRTY WET Road Type Property Value,
4365,Float,SP_FLATEARTH DIRTY WET Road Type Property Value,
4366,Float,SP_ROUGHEARTH DIRTY WET Road Type Property Value,
4367,Float,SP_FLATROCK DIRTY WET Road Type Property Value,
4368,Float,SP_ROUGHROCK DIRTY WET Road Type Property Value,
4369,Float,SP_SMALLSTONES DIRTY WET Road Type Property Value,
4370,Float,SP_BIGSTONES DIRTY WET Road Type Property Value,
4371,Float,SP_FLATSAND DIRTY WET Road Type Property Value,
4372,Float,SP_ROUGHSAND DIRTY WET Road Type Property Value,
4373,Float,SP_FLATGRASS DIRTY WET Road Type Property Value,
4374,Float,SP_ROUGHGRASS DIRTY WET Road Type Property Value,
4375,Float,SP_FLATICE DIRTY WET Road Type Property Value,
4376,Float,SP_ROUGHICE DIRTY WET Road Type Property Value,
4377,Float,SP_FLATHARDSNOW DIRTY WET Road Type Property Value,
4378,Float,SP_ROUGHHARDSNOW DIRTY WET Road Type Property Value,
4379,Float,SP_SOFTSNOW DIRTY WET Road Type Property Value,
4380,String,ROLLING DAMAGE Road Type Property Name,"Equals ""ROLLING DAMAGE"""
4381,Float,SP_TARMAC ROLLING DAMAGE Road Type Property Value,
4382,Float,SP_FLATDIRTROAD ROLLING DAMAGE Road Type Property Value,
4383,Float,SP_ROUGHDIRTROAD ROLLING DAMAGE Road Type Property Value,
4384,Float,SP_FLATEARTH ROLLING DAMAGE Road Type Property Value,
4385,Float,SP_ROUGHEARTH ROLLING DAMAGE Road Type Property Value,
4386,Float,SP_FLATROCK ROLLING DAMAGE Road Type Property Value,
4387,Float,SP_ROUGHROCK ROLLING DAMAGE Road Type Property Value,
4388,Float,SP_SMALLSTONES ROLLING DAMAGE Road Type Property Value,
4389,Float,SP_BIGSTONES ROLLING DAMAGE Road Type Property Value,
4390,Float,SP_FLATSAND ROLLING DAMAGE Road Type Property Value,
4391,Float,SP_ROUGHSAND ROLLING DAMAGE Road Type Property Value,
4392,Float,SP_FLATGRASS ROLLING DAMAGE Road Type Property Value,
4393,Float,SP_ROUGHGRASS ROLLING DAMAGE Road Type Property Value,
4394,Float,SP_FLATICE ROLLING DAMAGE Road Type Property Value,
4395,Float,SP_ROUGHICE ROLLING DAMAGE Road Type Property Value,
4396,Float,SP_FLATHARDSNOW ROLLING DAMAGE Road Type Property Value,
4397,Float,SP_ROUGHHARDSNOW ROLLING DAMAGE Road Type Property Value,
4398,Float,SP_SOFTSNOW ROLLING DAMAGE Road Type Property Value,
4399-4999,Unused,Unused,Unused
5000,,,
5001,,,
5002,,,
5003,,,
5004,,,
5005,,,
5006,,,
5007,,,
5008,,,
5009,,,
5010,,,
5011,,,
5012,,,
5013,,,
5014,,,
5015,,,
5016,,,
5017,,,
5018,,,
5019,,,
5020,,,
5021,,,
5022,,,
5023,,,
5024,,,
5025,,,
5026,,,
5027,,,
5028-5029,Unused,Unused,Unused
5030,,,
5031,,,
5032,,,
5033,,,
5034,,,
5035,,,
5036,,,
5037,,,
5038,,,
5039,,,
5040,,,
5041,,,
5042,,,
5043,,,
5044,,,
5045,,,
5046,,,
5047,,,
5048,,,
5049,,,
5050,,,
5051,,,
5052,,,
5053,,,
5054,,,
5055,,,
5056,,,
5057,,,
5058,,,
5059,,,
5060,,,
5061,,,
5062,,,
5063,,,
5064-5069,Unused,Unused,Unused
5070,,,
5071,,,
5072,,,
5073,,,
5074,,,
5075,,,
5076,,,
5077,,,
5078,,,
5079,,,
5080,,,
5081,,,
5082,,,
5083,,,
5084,,,
5085,,,
5086,,,
5087,,,
5088,,,
5089,,,
5090,,,
5091,,,
5092,,,
5093,,,
5094,,,
5095,,,
5096,,,
5097,,,
5098,,,
5099,,,
5100,,,
5101,,,
5102,,,
5103,,,
5104,,,
5105,,,
5106,,,
5107,,,
5108,,,
5109,Unused,Unused,Unused
5110,,,
5111,,,
5112,,,
5113,,,
5114,,,
5115,,,
5116,,,
5117,,,
5118,,,
5119,,,
5120,,,
5121,,,
5122,,,
5123,,,
5124,,,
5125,,,
5126,,,
5127,,,
5128,,,
5129,,,
5130,,,
5131,,,
5132,,,
5133-5199,Unused,Unused,Unused
5200,,,
5201,,,
5202,,,
5203,,,
5204,,,
5205,,,
5206,,,
5207,,,
5208,,,
5209,,,
5210,,,
5211,,,
5212,,,
5213,,,
5214,,,
5215,,,
5216,,,
5217,,,
5218,,,
5219,,,
5220,,,
5221,,,
5222,,,
5223,,,
5224,,,
5225,,,
5226,,,
5227,,,
5228-5229,Unused,Unused,Unused
5230,,,
5231,,,
5232,,,
5233,,,
5234,,,
5235,,,
5236,,,
5237,,,
5238,,,
5239,,,
5240,,,
5241,,,
5242,,,
5243,,,
5244,,,
5245,,,
5246,,,
5247-5249,Unused,Unused,Unused
5250,,,
5251,,,
5252,,,
5253,,,
5254,,,
5255,,,
5256,,,
5257-5259,Unused,Unused,Unused
5260,,,
5261,,,
5262,,,
5263,,,
5264,,,
5265,,,
5266,,,
5267-5269,Unused,Unused,Unused
5270,,,
5271,,,
5272,,,
5273,,,
5274,,,
5275,,,
5276,,,
5277,,,
5278-5279,Unused,Unused,Unused
5280,,,
5281,,,
5282,,,
5283,,,
5284,,,
5285,,,
5286,,,
5287,,,
5288,,,
5289,,,
5290,,,
5291,,,
5292,,,
5293,,,
5294,,,
5295-5299,Unused,Unused,Unused
5300,,,
5301,,,
5302,,,
5303,,,
5304,,,
5305,,,
5306,,,
5307,,,
5308,,,
5309,,,
5310,,,
5311,,,
5312,,,
5313,,,
5314,,,
5315-5319,Unused,Unused,Unused
5320,,,
5321,,,
5322,,,
5323,,,
5324,,,
5325,,,
5326,,,
5327,,,
5328,,,
5329,,,
5330,,,
5331,,,
5332,,,
5333,,,
5334-5339,Unused,Unused,Unused
5340,,,
5341,,,
5342,,,
5343,,,
5344,,,
5345,,,
5346,,,
5347,,,
5348,,,
5349,,,
5350,,,
5351,,,
5352,,,
5353,,,
5354,,,
5355,,,
5356,,,
5357-5359,Unused,Unused,Unused
5360,,,
5361,,,
5362,,,
5363,,,
5364,,,
5365,,,
5366,,,
5367,,,
5368,,,
5369,,,
5370,,,
5371,,,
5372,,,
5373,,,
5374,,,
5375,,,
5376-5379,Unused,Unused,Unused
5380,,,
5381,,,
5382,,,
5383,,,
5384,,,
5385,,,
5386,,,
5387,,,
5388,,,
5389,,,
5390,,,
5391,,,
5392,,,
5393,,,
5394,,,
5395,,,
5396,,,
5397,,,
5398,,,
5399,,,
5400,,,
5401,,,
5402,,,
5403,,,
5404,,,
5405,,,
5406,,,
5407,,,
5408,,,
5409,,,
5410,,,
5411,,,
5412,,,
5413,,,
5414,,,
5415,,,
5416,,,
5417,,,
5418,,,
5419,,,
5420-5429,Unused,Unused,Unused
5430,,,
5431,,,
5432,,,
5433-5439,Unused,Unused,Unused
5440,,,
5441,,,
5442,,,
5443,,,
5444,,,
5445,,,
5446-5459,Unused,Unused,Unused
5460,,,
5461,,,
5462,,,
5463,,,
5464,,,
5465,,,
5466,,,
5467-5479,Unused,Unused,Unused
5480,,,
5481,,,
5482,,,
5483,,,
5484,,,
5485,,,
5486,,,
5487,,,
5488,,,
5489,,,
5490,,,
5491-5499,Unused,Unused,Unused
5500,,,
5501,,,
5502,,,
5503,,,
5504,,,
5505,,,
5506,,,
5507,,,
5508-5509,Unused,Unused,Unused
5510,,,
5511,,,
5512,,,
5513,,,
5514,,,
5515,,,
5516,,,
5517,,,
5518,,,
5519,,,
5520,,,
5521,,,
5522,,,
5523,,,
5524-5529,Unused,Unused,Unused
5530,,,Related to SpecialEffectsManager_G
5531,,,Related to SpecialEffectsManager_G
5532-5549,Unused,Unused,Unused
5550,,,Related to SpecialEffectsPlayerWheelEmitter_G
5551,,,Related to SpecialEffectsPlayerWheelEmitter_G
5552,,,
5553,,,
5554,,,Related to SpecialEffectsPlayerWheelEmitter_G
5555,,,Related to SpecialEffectsPlayerWheelEmitter_G
5556,,,Related to SpecialEffectsPlayerWheelEmitter_G
5557,,,Related to SpecialEffectsPlayerWheelEmitter_G
5558,,,Related to SpecialEffectsPlayerWheelEmitter_G
5559,,,Related to SpecialEffectsPlayerWheelEmitter_G
5560,,,Related to SpecialEffectsPlayerWheelEmitter_G
5561,,,Related to SpecialEffectsPlayerWheelEmitter_G
5562,,,Related to SpecialEffectsPlayerWheelEmitter_G
5563,,,Related to SpecialEffectsPlayerWheelEmitter_G
5564,,,Related to SpecialEffectsPlayerWheelEmitter_G
5565,,,Related to SpecialEffectsPlayerWheelEmitter_G
5566-5579,Unused,Unused,Unused
5580,,,Related to SpecialEffectsPlayerWheelEmitter_G
5581,,,Related to SpecialEffectsPlayerWheelEmitter_G
5582,,,Related to SpecialEffectsPlayerWheelEmitter_G
5583,,,Related to SpecialEffectsPlayerWheelEmitter_G
5584,,,Related to SpecialEffectsPlayerWheelEmitter_G
5585,,,Related to SpecialEffectsPlayerWheelEmitter_G
5586,,,Related to SpecialEffectsPlayerWheelEmitter_G
5587,,,Related to SpecialEffectsPlayerWheelEmitter_G
5588,,,Related to SpecialEffectsPlayerWheelEmitter_G
5589,,,Related to SpecialEffectsPlayerWheelEmitter_G
5590,,,
5591,,,
5592,,,Related to SpecialEffectsPlayerWheelEmitter_G
5593,,,Related to SpecialEffectsPlayerWheelEmitter_G
5594,,,Related to SpecialEffectsPlayerWheelEmitter_G
5595,,,Related to SpecialEffectsPlayerWheelEmitter_G
5596-5609,Unused,Unused,Unused
5610,,,Related to SpecialEffectsPlayerWheelEmitter_G
5611,,,Related to SpecialEffectsPlayerWheelEmitter_G
5612,,,Related to SpecialEffectsPlayerWheelEmitter_G
5613,,,Related to SpecialEffectsPlayerWheelEmitter_G
5614,,,Related to SpecialEffectsPlayerWheelEmitter_G
5615,,,Related to SpecialEffectsPlayerWheelEmitter_G
5616,,,Related to SpecialEffectsPlayerWheelEmitter_G
5617,,,Related to SpecialEffectsPlayerWheelEmitter_G
5618,,,Related to SpecialEffectsPlayerWheelEmitter_G
5619,,,Related to SpecialEffectsPlayerWheelEmitter_G
5620,,,Related to SpecialEffectsPlayerWheelEmitter_G
5621,,,Related to SpecialEffectsPlayerWheelEmitter_G
5622,,,Related to SpecialEffectsPlayerWheelEmitter_G
5623,,,Related to SpecialEffectsPlayerWheelEmitter_G
5624,,,Related to SpecialEffectsPlayerWheelEmitter_G
5625,,,Related to SpecialEffectsPlayerWheelEmitter_G
5626-5639,Unused,Unused,Unused
5640,,,Related to SpecialEffectsPlayerWheelEmitter_G
5641,,,Related to SpecialEffectsPlayerWheelEmitter_G
5642,,,Related to SpecialEffectsPlayerWheelEmitter_G
5643,,,Related to SpecialEffectsPlayerWheelEmitter_G
5644,,,Related to SpecialEffectsPlayerWheelEmitter_G
5645,,,Related to SpecialEffectsPlayerWheelEmitter_G
5646,,,Related to SpecialEffectsPlayerWheelEmitter_G
5647,,,Related to SpecialEffectsPlayerWheelEmitter_G
5648,,,Related to SpecialEffectsPlayerWheelEmitter_G
5649,,,Related to SpecialEffectsPlayerWheelEmitter_G
5650,,,Related to SpecialEffectsPlayerWheelEmitter_G
5651,,,Related to SpecialEffectsPlayerWheelEmitter_G
5652,,,Related to SpecialEffectsPlayerWheelEmitter_G
5653,,,Related to SpecialEffectsPlayerWheelEmitter_G
5654,,,Related to SpecialEffectsPlayerWheelEmitter_G
5655,,,Related to SpecialEffectsPlayerWheelEmitter_G
